index,name,photons,coefficient,psf_size,wf_length,requested_rms,phase_rms_error,wf_l2_error,volume_relative_l2,lf_relative_l2,noisy_lf_relative_l2,sensor_fit_relative_l2,standardized_residual_rms,relative_quasi_deviance,forward_relative_l2,forward_validation_s,solve_s,optics_setup_s,projection_setup_s,standalone_setup_and_solve_s,steps,peak_allocated_bytes,evaluation_s,save_s,case_wall_s
0,rms1_len21_shared,10,0.05539174428379614,225,21,1.0,0.27465349435806274,0.2745186686515808,1.032918095588684,0.7359939813613892,8.282468795776367,0.028597889468073845,0.9863361444489779,3.8142881777616036,5.626581696560606e-06,0.8313950654119253,194.9615240842104,5.996712405234575,0.026977211236953735,200.98521370068192,2300,5954366976,0.8200610037893057,1.8073487281799316,198.4933547694236
1,rms1_len21_01,10,0.05829866912756508,225,21,1.0,0.3034294843673706,0.3033130168914795,1.0215985774993896,0.7010670304298401,7.871098518371582,0.028596187010407448,0.9861087115452771,3.834320598940269,5.649945705954451e-06,0.8309925347566605,194.6303285807371,5.978677215054631,0.026681460440158844,200.6356872562319,2300,5954366976,0.8045589830726385,2.324994856491685,198.6527115702629
2,rms1_len21_02,10,0.04583609859936784,225,21,1.0,0.28461703658103943,0.2844744920730591,1.0346252918243408,0.8822178840637207,9.87302303314209,0.028562214225530624,0.9858440799169959,4.8193716659417625,5.568339474848472e-06,0.8335950039327145,195.26896661892533,5.705814689397812,0.026713930070400238,201.00149523839355,2300,5954366976,0.8051554802805185,2.297520488500595,199.29553484730422
3,rms1_len21_03,10,0.052334271745003304,225,21,1.0,0.5716626644134521,0.5714001655578613,1.0467207431793213,0.8000895380973816,8.799177169799805,0.028589144349098206,0.9864528254905532,4.379503971107002,5.639027676807018e-06,0.8312398996204138,194.51193042472005,6.046737261116505,0.02682047337293625,200.5854881592095,2300,5954366976,0.8038677461445332,2.17835957929492,198.4136857446283
4,rms1_len21_04,10,0.05675779415045527,225,21,1.0,0.380918949842453,0.38067081570625305,1.0406742095947266,0.7181761264801025,7.969152450561523,0.028572114184498787,0.9852997100059406,3.9710299119085737,5.565919309447054e-06,0.8309508319944143,194.60748209431767,6.026804614812136,0.02684294618666172,200.66112965531647,2300,5954366976,0.8162540085613728,2.1193943712860346,198.43146209605038
5,rms1_len21_05,10,0.056084490271348604,225,21,1.0,0.16824981570243835,0.16817329823970795,0.9930251836776733,0.7155702710151672,8.204262733459473,0.028586437925696373,0.9860651680777195,3.923312471633817,5.6598014452902135e-06,0.8312805108726025,195.20573654212058,6.0195521507412195,0.028266917914152145,201.25355561077595,2300,5954366976,0.8193882908672094,1.7673943266272545,198.68916157633066
6,rms1_len21_06,10,0.05328441123636323,225,21,1.0,0.1909942924976349,0.19088758528232574,0.9323117136955261,0.7524571418762207,8.457904815673828,0.028582779690623283,0.9859179765749527,4.26101314269031,5.556459200306563e-06,0.838500589132309,194.78189147263765,5.737593125551939,0.02683274634182453,200.54631734453142,2300,5954366976,0.8042267430573702,2.165858583524823,198.7222516555339
7,rms1_len21_07,10,0.04878262285798165,225,21,1.0,0.23727752268314362,0.23717278242111206,0.9884584546089172,0.826278567314148,9.427845001220703,0.028568867594003677,0.9860945920833469,4.551023005202279,5.625062385661295e-06,0.8318105284124613,194.71526891179383,5.987499626353383,0.027314815670251846,200.73008335381746,2300,5954366976,0.8177609574049711,2.014731351286173,198.4444271530956
8,rms1_len21_08,10,0.06684276945863946,225,21,1.0,0.18904122710227966,0.18895335495471954,0.9937969446182251,0.6027300357818604,6.981235980987549,0.02863006293773651,0.9868526260757031,3.3451525443808605,5.718966349377297e-06,0.7743200082331896,194.85846789367497,5.996712405234575,0.026977211236953735,200.8821575101465,2300,5955400192,0.7788678053766489,2.022718792781234,198.55603090114892
9,rms1_len21_09,10,0.05013927235625814,225,21,1.0,0.35364216566085815,0.35343366861343384,1.046514868736267,0.8318743109703064,8.865480422973633,0.028544513508677483,0.9843207994241882,4.145217532328513,5.45445482202922e-06,0.7766227088868618,194.74965932779014,5.978677215054631,0.026681460440158844,200.75501800328493,2300,5955400192,0.7791961245238781,1.9126652106642723,198.3126635365188
0,rms1_len21_shared,30,0.1661752328513884,225,21,1.0,0.031682372093200684,0.031665973365306854,0.7853161692619324,0.24139179289340973,2.7982325553894043,0.028929563239216805,0.9882392799300225,1.4470500703997318,5.626581696560606e-06,0.7787587232887745,195.2446847576648,5.705814689397812,0.026713930070400238,200.977213377133,2300,5955400192,0.7795326411724091,1.788596659898758,198.64835529960692
1,rms1_len21_01,30,0.17489600738269523,225,21,1.0,0.026583632454276085,0.02657504938542843,0.7552064061164856,0.22973299026489258,2.6563477516174316,0.028884857892990112,0.986267875713841,1.3900876019471833,5.649945705954451e-06,0.7783208638429642,194.433958100155,6.046737261116505,0.02682047337293625,200.50751583464444,2300,5955400192,0.777540311217308,2.4408313259482384,198.4902502670884
2,rms1_len21_02,30,0.1375082957981035,225,21,1.0,0.02274036779999733,0.02272908203303814,0.7966567873954773,0.2893885672092438,3.324096441268921,0.028803173452615738,0.9864056720896244,1.7257513459618026,5.568339474848472e-06,0.7781994994729757,194.5767981018871,6.026804614812136,0.02684294618666172,200.6304456628859,2300,5955400192,0.7787109017372131,2.216778228059411,198.40564310736954
3,rms1_len21_03,30,0.15700281523500992,225,21,1.0,0.04110324755311012,0.041084203869104385,0.797001302242279,0.25166910886764526,2.9728636741638184,0.028918646275997162,0.9889237868962225,1.5359460994125191,5.639027676807018e-06,0.7764570750296116,195.21827431209385,6.0195521507412195,0.028266917914152145,201.26609338074923,2300,5955400192,0.7794561889022589,1.72651925124228,198.70418887026608
4,rms1_len21_04,30,0.1702733824513658,225,21,1.0,0.03132287785410881,0.031304556876420975,0.7796294689178467,0.237818643450737,2.6885032653808594,0.02885105460882187,0.9849870053898206,1.4038532318458654,5.565919309447054e-06,0.7752708606421947,194.79770997911692,5.737593125551939,0.02683274634182453,200.56213585101068,2300,5955400192,0.7782567199319601,2.4203000869601965,198.9002348203212
5,rms1_len21_05,30,0.1682534708140458,225,21,1.0,0.017547057941555977,0.017540765926241875,0.7808589935302734,0.23732706904411316,2.7703683376312256,0.028894765302538872,0.9869528351294151,1.432151522190907,5.6598014452902135e-06,0.7740545850247145,194.62839296273887,5.987499626353383,0.027314815670251846,200.6432074047625,2300,5955400192,0.7788084410130978,2.1071750950068235,198.41417102888227
6,rms1_len21_06,30,0.1598532337090897,225,21,1.0,0.021097170189023018,0.021086977794766426,0.7797612547874451,0.25356796383857727,2.851594924926758,0.028850849717855453,0.9859445138469928,1.4996746813919095,5.556459200306563e-06,0.7789732366800308,194.84433758072555,5.996712405234575,0.026977211236953735,200.86802719719708,2300,5955400192,0.779342781752348,2.1776358652859926,198.7159175015986
7,rms1_len21_07,30,0.14634786857394494,225,21,1.0,0.029010670259594917,0.0289988461881876,0.7803406119346619,0.2710191011428833,3.1750872135162354,0.02881445549428463,0.9862218736375057,1.6276936843382526,5.625062385661295e-06,0.7783658988773823,194.68024479970336,5.978677215054631,0.026681460440158844,200.68560347519815,2300,5955400192,0.778250964358449,2.1998287178575993,198.49413323774934
8,rms1_len21_08,30,0.20052830837591837,225,21,1.0,0.014495502226054668,0.014491076581180096,0.755010724067688,0.19674289226531982,2.361010789871216,0.028966840356588364,0.9867811938943364,1.2153735812577198,5.718966349377297e-06,0.7789266128093004,195.17409249581397,5.705814689397812,0.026713930070400238,200.90662111528218,2300,5955400192,0.7800371125340462,1.898852150887251,198.68284812383354
9,rms1_len21_09,30,0.1504178170687744,225,21,1.0,0.04713813215494156,0.04710732400417328,0.8070516586303711,0.27461835741996765,2.988502025604248,0.02881411835551262,0.9851026460571474,1.5621010240549404,5.45445482202922e-06,0.7778657898306847,194.40930397436023,6.046737261116505,0.02682047337293625,200.48286170884967,2300,5955400192,0.7775753568857908,2.425126949325204,198.4415126312524
0,rms1_len21_shared,100,0.5539174428379614,225,21,1.0,0.004038503393530846,0.004035952966660261,0.6839317679405212,0.07735519856214523,0.8729384541511536,0.029848288744688034,0.9876578637021843,0.49245596084115895,5.626581696560606e-06,0.7728730849921703,194.58368546515703,6.026804614812136,0.02684294618666172,200.63733302615583,2300,5955400192,0.7781576886773109,2.252644382417202,198.55482106655836
1,rms1_len21_01,100,0.5829866912756507,225,21,1.0,0.005202159751206636,0.005200492683798075,0.6753466129302979,0.07199189066886902,0.8316828012466431,0.029904743656516075,0.9870005215631646,0.4707845539376664,5.649945705954451e-06,0.7780209369957447,195.14147120900452,6.0195521507412195,0.028266917914152145,201.1892902776599,2300,5955400192,0.779321601614356,1.737776955589652,198.49084600061178
2,rms1_len21_02,100,0.45836098599367836,225,21,1.0,0.009941324591636658,0.009936315938830376,0.7183831930160522,0.09183483570814133,1.0322304964065552,0.029622135683894157,0.9872761205179172,0.5810573453768192,5.568339474848472e-06,0.7787123490124941,194.77277733944356,5.737593125551939,0.02683274634182453,200.53720321133733,2300,5955400192,0.7784696463495493,2.1101167760789394,198.4989738408476
3,rms1_len21_03,100,0.523342717450033,225,21,1.0,0.004473207984119654,0.004471618682146072,0.6867275238037109,0.0786801129579544,0.9244976043701172,0.029758019372820854,0.9868420492862326,0.5176723445314461,5.639027676807018e-06,0.7759443707764149,194.6273534502834,5.987499626353383,0.027314815670251846,200.64216789230704,2300,5955400192,0.7783309277147055,2.2464058585464954,198.5535827446729
4,rms1_len21_04,100,0.5675779415045527,225,21,1.0,0.005483280401676893,0.00548136280849576,0.6990662217140198,0.07491257041692734,0.8404542207717896,0.02982902340590954,0.9859631201125065,0.481365101444082,5.565919309447054e-06,0.777703694999218,194.825383849442,5.996712405234575,0.026977211236953735,200.84907346591353,2300,5955400192,0.7793860398232937,2.0344839710742235,198.47310061380267
5,rms1_len21_05,100,0.560844902713486,225,21,1.0,0.005312337540090084,0.005310394801199436,0.7027257084846497,0.07476334273815155,0.8656527996063232,0.02986498922109604,0.9874519428645986,0.48800052642195824,5.6598014452902135e-06,0.7753621265292168,194.60824105329812,5.978677215054631,0.026681460440158844,200.6135997287929,2300,5955400192,0.7786267306655645,2.4175217635929585,198.71794549003243
6,rms1_len21_06,100,0.5328441123636323,225,21,1.0,0.005662819370627403,0.005660974886268377,0.6988624334335327,0.08059639483690262,0.8887182474136353,0.029750235378742218,0.9856134876850227,0.5078447917265007,5.556459200306563e-06,0.7790751196444035,195.16403313726187,5.705814689397812,0.026713930070400238,200.89656175673008,2300,5955400192,0.7797731403261423,1.6326598040759563,198.41062439978123
7,rms1_len21_07,100,0.4878262285798165,225,21,1.0,0.0042496719397604465,0.004247761331498623,0.699805498123169,0.08496817201375961,0.9868917465209961,0.029654985293745995,0.9862407958452569,0.5502160611412457,5.625062385661295e-06,0.7728145215660334,194.3995644338429,6.046737261116505,0.02682047337293625,200.47312216833234,2300,5955400192,0.7775158826261759,2.190033707767725,198.3436012081802
8,rms1_len21_08,100,0.6684276945863945,225,21,1.0,0.004714208655059338,0.004712097346782684,0.6734081506729126,0.06316512823104858,0.7427187561988831,0.0300898514688015,0.9867196703279203,0.4164321651979497,5.718966349377297e-06,0.7724262066185474,194.49694837257266,6.026804614812136,0.02684294618666172,200.55059593357146,2300,5955400192,0.7777817025780678,2.480463994666934,198.68537691421807
9,rms1_len21_09,100,0.5013927235625814,225,21,1.0,0.00669464934617281,0.006692033261060715,0.7207629680633545,0.08505196869373322,0.9302274584770203,0.02969231642782688,0.9859152850363727,0.5362304474394095,5.45445482202922e-06,0.7790316920727491,195.10475172288716,6.0195521507412195,0.028266917914152145,201.15257079154253,2300,5955400192,0.7791718989610672,1.6643869373947382,198.38048330135643
0,rms1_len21_shared,300,1.6617523285138842,225,21,1.0,0.001993535552173853,0.001992963720113039,0.6139334440231323,0.0290755033493042,0.32123929262161255,0.032170262187719345,0.9876586924545394,0.1893822241618611,5.626581696560606e-06,0.7784682437777519,194.758052457124,5.737593125551939,0.02683274634182453,200.52247832901776,2300,5955400192,0.77852663397789,2.3236463125795126,198.70862368494272
1,rms1_len21_01,300,1.7489600738269524,225,21,1.0,0.0023180153220891953,0.002317145699635148,0.6112651824951172,0.027812035754323006,0.30751997232437134,0.03233056887984276,0.9875480329187868,0.18093801008836383,5.649945705954451e-06,0.7749973628669977,194.62715414352715,5.987499626353383,0.027314815670251846,200.64196858555079,2300,5955400192,0.7783690765500069,2.4273399747908115,198.80671451054513
2,rms1_len21_02,300,1.375082957981035,225,21,1.0,0.0022083516232669353,0.00220779562368989,0.6587008833885193,0.03455139696598053,0.3740949034690857,0.03158290684223175,0.9866593931711818,0.22237552062593263,5.568339474848472e-06,0.7772230766713619,194.8260064572096,5.996712405234575,0.026977211236953735,200.84969607368112,2300,5955400192,0.7794054690748453,1.8409870024770498,198.40095884911716
3,rms1_len21_03,300,1.5700281523500992,225,21,1.0,0.0017668193904682994,0.001766013796441257,0.6290545463562012,0.02982208877801895,0.3396514654159546,0.032061684876680374,0.9886318226213898,0.19901475079152764,5.639027676807018e-06,0.7790645137429237,194.64662788808346,5.978677215054631,0.026681460440158844,200.65198656357825,2300,5955400192,0.7780507672578096,2.160454351454973,198.42291260696948
4,rms1_len21_04,300,1.702733824513658,225,21,1.0,0.0015944099286571145,0.001593926572240889,0.6378811597824097,0.028601104393601418,0.3107646107673645,0.03227101266384125,0.9879277669151746,0.18515905741232142,5.565919309447054e-06,0.7732806522399187,195.18798400834203,5.705814689397812,0.026713930070400238,200.92051262781024,2300,5955400192,0.7794312741607428,1.785123324021697,198.6598830074072
5,rms1_len21_05,300,1.682534708140458,225,21,1.0,0.0023802402429282665,0.002379531040787697,0.65105801820755,0.02888638898730278,0.31903746724128723,0.032213978469371796,0.9880105665949053,0.18718830779575898,5.6598014452902135e-06,0.7765610255300999,194.4022997058928,6.046737261116505,0.02682047337293625,200.47585744038224,2300,5955400192,0.7778793480247259,1.6645017974078655,197.7964849099517
6,rms1_len21_06,300,1.5985323370908968,225,21,1.0,0.002377665601670742,0.0023765063378959894,0.6419554948806763,0.02931796945631504,0.3262639045715332,0.032020192593336105,0.9871990740678583,0.1956459126873412,5.556459200306563e-06,0.7757312040776014,194.50925068370998,6.026804614812136,0.02684294618666172,200.56289824470878,2300,5955400192,0.7784289196133614,2.215087477117777,198.4028870239854
7,rms1_len21_07,300,1.4634786857394495,225,21,1.0,0.002868551993742585,0.002866824623197317,0.6446650624275208,0.03224349766969681,0.36018064618110657,0.03179371356964111,0.9868764719798737,0.2106821534849725,5.625062385661295e-06,0.7795646376907825,195.10656495206058,6.0195521507412195,0.028266917914152145,201.15438402071595,2300,5955400192,0.7799791898578405,1.7321289535611868,198.57189320027828
8,rms1_len21_08,300,2.0052830837591835,225,21,1.0,0.0013588638976216316,0.001358581823296845,0.614483654499054,0.02438763901591301,0.27819010615348816,0.03282388299703598,0.9892224925567851,0.16152129090963857,5.718966349377297e-06,0.7730753812938929,194.7538872398436,5.737593125551939,0.02683274634182453,200.51831311173737,2300,5955400192,0.7791523076593876,2.140381759032607,198.65732246637344
9,rms1_len21_09,300,1.5041781706877442,225,21,1.0,0.0025493053253740072,0.0025481402408331633,0.6649357676506042,0.03158462792634964,0.3396914601325989,0.03182470053434372,0.9858463027802692,0.20528664677974412,5.45445482202922e-06,0.7794978078454733,194.609881805256,5.987499626353383,0.027314815670251846,200.62469624727964,2300,5955400192,0.7785717248916626,2.1154710110276937,198.33775429800153
0,rms1_len21_shared,1000,5.539174428379614,225,21,1.0,0.0011261245235800743,0.0011255581630393863,0.5666285157203674,0.012432136572897434,0.12303873896598816,0.036958642303943634,0.9900887641042768,0.06761772486818866,5.626581696560606e-06,0.7781359795480967,194.88747347146273,5.996712405234575,0.026977211236953735,200.91116308793426,2300,5955400192,0.778430512174964,2.332543356344104,198.83071072399616
1,rms1_len21_01,1000,5.829866912756508,225,21,1.0,0.0012790235923603177,0.0012783354613929987,0.5498902201652527,0.011817596852779388,0.1186930388212204,0.0371832475066185,0.9895838309587146,0.06461086065201653,5.649945705954451e-06,0.7739962823688984,194.73459209874272,5.978677215054631,0.026681460440158844,200.7399507742375,2300,5955400192,0.7783247567713261,2.046775493770838,198.67897495813668
2,rms1_len21_02,1000,4.583609859936784,225,21,1.0,0.0009443737799301744,0.00094409758457914,0.5998652577400208,0.013149735517799854,0.13969971239566803,0.03612443804740906,0.9885179360102354,0.07919055070779618,5.568339474848472e-06,0.7790116537362337,195.25798757001758,5.705814689397812,0.026713930070400238,200.9905161894858,2300,5955400192,0.780005931854248,1.7093990985304117,198.58081414736807
3,rms1_len21_03,1000,5.2334271745003305,225,21,1.0,0.0011635762639343739,0.0011633307440206409,0.5720149874687195,0.012330492958426476,0.12901589274406433,0.036804597824811935,0.9903164506982319,0.07104453679948196,5.639027676807018e-06,0.7747020535171032,194.4355440530926,6.046737261116505,0.02682047337293625,200.50910178758204,2300,5955400192,0.7777200601994991,1.7377230990678072,197.88122352585196
4,rms1_len21_04,1000,5.675779415045527,225,21,1.0,0.0010702010476961732,0.0010697119869291782,0.5852850675582886,0.011793282814323902,0.1194138452410698,0.03705506771802902,0.9889270150049627,0.06603213720390728,5.565919309447054e-06,0.7789300568401814,194.60948667116463,6.026804614812136,0.02684294618666172,200.66313423216343,2300,5955400192,0.7780847437679768,2.160780567675829,198.38152628578246
5,rms1_len21_05,1000,5.60844902713486,225,21,1.0,0.0007647007587365806,0.0007643488934263587,0.5964460968971252,0.011884277686476707,0.1224171370267868,0.03704163432121277,0.9891665124466468,0.06674667765591989,5.6598014452902135e-06,0.778778700158,195.16768416948617,6.0195521507412195,0.028266917914152145,201.21550323814154,2300,5955400192,0.7801679838448763,1.8358666989952326,198.6175241805613
6,rms1_len21_06,1000,5.328441123636323,225,21,1.0,0.0011559230042621493,0.0011554706143215299,0.5924892425537109,0.011904008686542511,0.12447034567594528,0.03677968308329582,0.98857072107002,0.0697269359082369,5.556459200306563e-06,0.778358606621623,194.7837851922959,5.737593125551939,0.02683274634182453,200.54821106418967,2300,5955400192,0.7789998296648264,2.027478715404868,198.42071754299104
7,rms1_len21_07,1000,4.878262285798165,225,21,1.0,0.0010206406004726887,0.0010202928679063916,0.5833113193511963,0.012730799615383148,0.13570275902748108,0.03650029003620148,0.989575265783395,0.07531892598307073,5.625062385661295e-06,0.7750035766512156,194.64807852730155,5.987499626353383,0.027314815670251846,200.66289296932518,2300,5955400192,0.7784976996481419,2.263028174638748,198.6112982481718
8,rms1_len21_08,1000,6.684276945863946,225,21,1.0,0.0015528025105595589,0.001552267582155764,0.5499371290206909,0.010174348019063473,0.10950040072202682,0.03778444230556488,0.991106942534214,0.057594126558979684,5.718966349377297e-06,0.7756475191563368,194.69134830869734,5.996712405234575,0.026977211236953735,200.71503792516887,2300,5955400192,0.7782794255763292,1.95278793387115,198.25549256429076
9,rms1_len21_09,1000,5.013927235625814,225,21,1.0,0.0010737747652456164,0.0010732363443821669,0.6129403710365295,0.012991685420274734,0.12849381566047668,0.036475591361522675,0.9885962825184512,0.07342462536686564,5.45445482202922e-06,0.7768215797841549,194.62429145164788,5.978677215054631,0.026681460440158844,200.62965012714267,2300,5955400192,0.7777777072042227,1.9660775605589151,198.2862160280347
