job_id,photons,instance,wdao_wf_error,joint_wf_error,wdao_reproj_error,joint_reproj_error,wdao_estimate_s,wdao_final_solve_s,wdao_estimate_plus_final_solve_s
p10/sample00,10,0,0.2858302593231201,0.27465349435806274,0.7380688786506653,0.7359939813613892,51.3540645185858,109.29490224644542,160.64896676503122
p10/sample01,10,1,0.2773418724536896,0.3034294843673706,0.7008677124977112,0.7010670304298401,51.392952501773834,109.29302365332842,160.68597615510225
p10/sample02,10,2,0.3874460756778717,0.28461703658103943,0.9066736102104187,0.8822178840637207,51.37197104841471,109.26680121012032,160.63877225853503
p10/sample03,10,3,0.4141942858695984,0.5716626644134521,0.7838393449783325,0.8000895380973816,51.63749283365905,109.37277047149837,161.01026330515742
p10/sample04,10,4,0.22361363470554352,0.380918949842453,0.7068510055541992,0.7181761264801025,51.47024246305227,109.35179636441171,160.82203882746398
p10/sample05,10,5,0.7055677175521851,0.16824981570243835,0.7698007225990295,0.7155702710151672,51.41457557119429,109.22897680848837,160.64355237968266
p10/sample06,10,6,0.31097716093063354,0.1909942924976349,0.7693635821342468,0.7524571418762207,51.39384159259498,109.40268397890031,160.7965255714953
p10/sample07,10,7,0.7812381386756897,0.23727752268314362,1.0610902309417725,0.826278567314148,51.38909116946161,109.27812371961772,160.66721488907933
p10/sample08,10,8,0.24325205385684967,0.18904122710227966,0.5933429002761841,0.6027300357818604,51.62714498862624,108.96342376060784,160.59056874923408
p10/sample09,10,9,0.18966874480247498,0.35364216566085815,0.819943904876709,0.8318743109703064,51.885364916175604,108.9825918264687,160.8679567426443
p30/sample00,30,0,0.09278378635644913,0.031682372093200684,0.2551562190055847,0.24139179289340973,51.545456398278475,109.07393597438931,160.6193923726678
p30/sample01,30,1,0.10126452147960663,0.026583632454276085,0.24251052737236023,0.22973299026489258,51.563898706808686,108.94600953906775,160.50990824587643
p30/sample02,30,2,0.06384313851594925,0.02274036779999733,0.3026839792728424,0.2893885672092438,51.645014848560095,108.90417272597551,160.5491875745356
p30/sample03,30,3,0.10438038408756256,0.04110324755311012,0.2663309574127197,0.25166910886764526,51.587625693529844,109.06851085461676,160.6561365481466
p30/sample04,30,4,0.07790982723236084,0.03132287785410881,0.25098225474357605,0.237818643450737,51.496385760605335,108.98125032708049,160.47763608768582
p30/sample05,30,5,0.07853660732507706,0.017547057941555977,0.25198134779930115,0.23732706904411316,51.54130710475147,109.02812628820539,160.56943339295685
p30/sample06,30,6,0.08106275647878647,0.021097170189023018,0.26401615142822266,0.25356796383857727,51.680313877761364,108.95165684632957,160.63197072409093
p30/sample07,30,7,0.09215261787176132,0.029010670259594917,0.281257688999176,0.2710191011428833,51.69534686207771,108.98219559155405,160.67754245363176
p30/sample08,30,8,0.07230378687381744,0.014495502226054668,0.2069624960422516,0.19674289226531982,51.82445396669209,108.9147431049496,160.73919707164168
p30/sample09,30,9,0.1033538430929184,0.04713813215494156,0.29153987765312195,0.27461835741996765,51.64039829000831,109.06918547302485,160.70958376303315
p100/sample00,100,0,0.09403371065855026,0.004038503393530846,0.10846962779760361,0.07735519856214523,51.606209963560104,108.97296856343746,160.57917852699757
p100/sample01,100,1,0.09008564800024033,0.005202159751206636,0.11686677485704422,0.07199189066886902,51.60204815864563,109.06899413466454,160.67104229331017
p100/sample02,100,2,0.07792019844055176,0.009941324591636658,0.12103524059057236,0.09183483570814133,51.667468735948205,108.90403646044433,160.57150519639254
p100/sample03,100,3,0.09856999665498734,0.004473207984119654,0.11413641273975372,0.0786801129579544,51.7544549126178,108.98350812122226,160.73796303384006
p100/sample04,100,4,0.06469689309597015,0.005483280401676893,0.1033286452293396,0.07491257041692734,51.86225330084562,108.95313908718526,160.8153923880309
p100/sample05,100,5,0.08469987660646439,0.005312337540090084,0.10786444693803787,0.07476334273815155,51.7090302631259,109.0963229238987,160.8053531870246
p100/sample06,100,6,0.12104897946119308,0.005662819370627403,0.12284447997808456,0.08059639483690262,51.67553243972361,108.91829060390592,160.59382304362953
p100/sample07,100,7,0.08087083697319031,0.0042496719397604465,0.11394792795181274,0.08496817201375961,51.886116936802864,108.98766223154962,160.87377916835248
p100/sample08,100,8,0.06517720222473145,0.004714208655059338,0.09431562572717667,0.06316512823104858,51.64928681589663,108.92374518327415,160.57303199917078
p100/sample09,100,9,0.07308941334486008,0.00669464934617281,0.11796468496322632,0.08505196869373322,51.6542673651129,108.98699674382806,160.64126410894096
p300/sample00,300,0,0.07343858480453491,0.001993535552173853,0.08079390227794647,0.0290755033493042,51.69624361023307,108.97565888427198,160.67190249450505
p300/sample01,300,1,0.07750272005796432,0.0023180153220891953,0.07469769567251205,0.027812035754323006,51.70887181721628,109.0779625326395,160.78683434985578
p300/sample02,300,2,0.06745223701000214,0.0022083516232669353,0.07412006705999374,0.03455139696598053,51.845041228458285,108.94560206308961,160.7906432915479
p300/sample03,300,3,0.08236359804868698,0.0017668193904682994,0.08084592968225479,0.02982208877801895,51.6150735411793,109.05141195096076,160.66648549214005
p300/sample04,300,4,0.054204054176807404,0.0015944099286571145,0.06569647043943405,0.028601104393601418,51.64079767279327,108.99199417978525,160.63279185257852
p300/sample05,300,5,0.0780240148305893,0.0023802402429282665,0.08161159604787827,0.02888638898730278,51.64517656341195,108.98965163901448,160.63482820242643
p300/sample06,300,6,0.12167628109455109,0.002377665601670742,0.09968020021915436,0.02931796945631504,51.66453482396901,108.90164719894528,160.5661820229143
p300/sample07,300,7,0.07837782055139542,0.002868551993742585,0.0724102333188057,0.03224349766969681,51.691270964220166,109.06811313889921,160.75938410311937
p300/sample08,300,8,0.09621481597423553,0.0013588638976216316,0.08394515514373779,0.02438763901591301,51.67899156734347,108.91557924449444,160.5945708118379
p300/sample09,300,9,0.08084388077259064,0.0025493053253740072,0.08855391293764114,0.03158462792634964,51.678366577252746,108.95916106365621,160.63752764090896
p1000/sample00,1000,0,0.08895126730203629,0.0011261245235800743,0.07627548277378082,0.012432136572897434,51.85600578598678,108.95780192129314,160.81380770727992
p1000/sample01,1000,1,0.09844531118869781,0.0012790235923603177,0.07371685653924942,0.011817596852779388,51.65192772820592,108.90704961493611,160.55897734314203
p1000/sample02,1000,2,0.12005828320980072,0.0009443737799301744,0.09235405921936035,0.013149735517799854,51.78608188405633,109.04866569302976,160.8347475770861
p1000/sample03,1000,3,0.0767461284995079,0.0011635762639343739,0.0766933485865593,0.012330492958426476,51.763015108183026,108.96526023931801,160.72827534750104
p1000/sample04,1000,4,0.09710477292537689,0.0010702010476961732,0.0778774544596672,0.011793282814323902,51.613446805626154,108.99465359374881,160.60810039937496
p1000/sample05,1000,5,0.06334416568279266,0.0007647007587365806,0.07563651353120804,0.011884277686476707,51.72738924250007,109.07133501581848,160.79872425831854
p1000/sample06,1000,6,0.11916064471006393,0.0011559230042621493,0.09280206263065338,0.011904008686542511,51.67621582373977,108.90675622411072,160.5829720478505
p1000/sample07,1000,7,0.08339641988277435,0.0010206406004726887,0.08001262694597244,0.012730799615383148,51.68275595828891,109.00569164939225,160.68844760768116
p1000/sample08,1000,8,0.10860907286405563,0.0015528025105595589,0.08192072808742523,0.010174348019063473,51.67347179539502,108.92388534732163,160.59735714271665
p1000/sample09,1000,9,0.0874415785074234,0.0010737747652456164,0.09888868033885956,0.012991685420274734,51.723036082461476,109.04017161391675,160.76320769637823
